"year","state","state_po","candidate","party","candidatevotes","totalvotes","percent_total_votes"
"2000","ALASKA","AK","GEORGE W. BUSH","REPUBLICAN",7113,11040,64.429347826087
"2000","ALABAMA","AL","GEORGE W. BUSH","REPUBLICAN",138491,273763,50.5879172861197
"2000","ARKANSAS","AR","AL GORE","DEMOCRAT",68320,127151,53.7313902368051
"2000","ARIZONA","AZ","GEORGE W. BUSH","REPUBLICAN",479967,901699,53.2291818001351
"2000","CALIFORNIA","CA","AL GORE","DEMOCRAT",1710505,2695154,63.4659466583357
"2000","COLORADO","CO","GEORGE W. BUSH","REPUBLICAN",128294,200757,63.9051191241152
"2000","CONNECTICUT","CT","AL GORE","DEMOCRAT",221167,367556,60.1723274820708
"2000","DISTRICT OF COLUMBIA","DC","AL GORE","DEMOCRAT",171923,201894,85.1550813793377
"2000","DELAWARE","DE","AL GORE","DEMOCRAT",127539,212995,59.8788703960187
"2000","FLORIDA","FL","AL GORE","DEMOCRAT",387703,575143,67.4098441604957
"2000","GEORGIA","GA","AL GORE","DEMOCRAT",154509,219980,70.2377488862624
"2000","HAWAII","HI","AL GORE","DEMOCRAT",139618,255990,54.5404117348334
"2000","IOWA","IA","AL GORE","DEMOCRAT",89715,174167,51.5109061992226
"2000","IDAHO","ID","GEORGE W. BUSH","REPUBLICAN",75050,123485,60.7766125440337
"2000","ILLINOIS","IL","AL GORE","DEMOCRAT",1280547,1865907,68.6286615570872
"2000","INDIANA","IN","GEORGE W. BUSH","REPUBLICAN",137810,279903,49.2349135236135
"2000","KANSAS","KS","GEORGE W. BUSH","REPUBLICAN",129965,217536,59.7441343042071
"2000","KENTUCKY","KY","AL GORE","DEMOCRAT",149901,302362,49.5766663800345
"2000","LOUISIANA","LA","AL GORE","DEMOCRAT",137630,181221,75.945944454561
"2000","MASSACHUSETTS","MA","AL GORE","DEMOCRAT",404043,657048,61.4936808269715
"2000","MARYLAND","MD","AL GORE","DEMOCRAT",232453,371688,62.5398183422656
"2000","MAINE","ME","AL GORE","DEMOCRAT",74203,142620,52.0284672556444
"2000","MICHIGAN","MI","AL GORE","DEMOCRAT",530414,768627,69.0079843669296
"2000","MINNESOTA","MN","AL GORE","DEMOCRAT",307599,573846,53.6030572662352
"2000","MISSOURI","MO","AL GORE","DEMOCRAT",250631,486884,51.4765323978607
"2000","MISSISSIPPI","MS","AL GORE","DEMOCRAT",46789,87770,53.3086476016862
"2000","MONTANA","MT","GEORGE W. BUSH","REPUBLICAN",33922,57499,58.9958086227587
"2000","NORTH CAROLINA","NC","GEORGE W. BUSH","REPUBLICAN",142494,268220,53.125792260085
"2000","NORTH DAKOTA","ND","GEORGE W. BUSH","REPUBLICAN",33536,58995,56.8454953809645
"2000","NEBRASKA","NE","GEORGE W. BUSH","REPUBLICAN",101025,183156,55.1578981851536
"2000","NEW HAMPSHIRE","NH","GEORGE W. BUSH","REPUBLICAN",80649,165761,48.6537846658744
"2000","NEW JERSEY","NJ","AL GORE","DEMOCRAT",202682,366721,55.2687192715988
"2000","NEW MEXICO","NM","AL GORE","DEMOCRAT",99461,204319,48.6792711397374
"2000","NEVADA","NV","AL GORE","DEMOCRAT",196100,382198,51.3084840841658
"2000","NEW YORK","NY","AL GORE","DEMOCRAT",497468,617105,80.6131857625526
"2000","OHIO","OH","AL GORE","DEMOCRAT",359913,574782,62.6173053435911
"2000","OKLAHOMA","OK","GEORGE W. BUSH","REPUBLICAN",139078,223111,62.3357880158307
"2000","OREGON","OR","AL GORE","DEMOCRAT",188441,296685,63.51551308627
"2000","PENNSYLVANIA","PA","AL GORE","DEMOCRAT",449182,561180,80.042410634734
"2000","RHODE ISLAND","RI","AL GORE","DEMOCRAT",142469,218308,65.2605493156458
"2000","SOUTH CAROLINA","SC","GEORGE W. BUSH","REPUBLICAN",92714,140293,66.0859772048499
"2000","SOUTH DAKOTA","SD","GEORGE W. BUSH","REPUBLICAN",33428,61369,54.4704981342372
"2000","TENNESSEE","TN","AL GORE","DEMOCRAT",190404,336755,56.5408085997238
"2000","TEXAS","TX","GEORGE W. BUSH","REPUBLICAN",529159,974822,54.282628007985
"2000","UTAH","UT","GEORGE W. BUSH","REPUBLICAN",171585,307258,55.8439487336375
"2000","VIRGINIA","VA","GEORGE W. BUSH","REPUBLICAN",202181,413775,48.8625460697239
"2000","VERMONT","VT","AL GORE","DEMOCRAT",39156,72017,54.3704958551453
"2000","WASHINGTON","WA","AL GORE","DEMOCRAT",476700,794078,60.0318860363843
"2000","WISCONSIN","WI","AL GORE","DEMOCRAT",252329,433537,58.202414096144
"2000","WEST VIRGINIA","WV","AL GORE","DEMOCRAT",38524,76670,50.2465110212599
"2000","WYOMING","WY","GEORGE W. BUSH","REPUBLICAN",21797,35323,61.7076692240183
"2004","ALASKA","AK","GEORGE W. BUSH","REPUBLICAN",10717,15548,68.9284795472086
"2004","ALABAMA","AL","GEORGE W. BUSH","REPUBLICAN",158680,292967,54.1630968675653
"2004","ARKANSAS","AR","JOHN KERRY","DEMOCRAT",82755,151758,54.5308978768829
"2004","ARIZONA","AZ","GEORGE W. BUSH","REPUBLICAN",679455,1192751,56.965368295646
"2004","CALIFORNIA","CA","JOHN KERRY","DEMOCRAT",1907736,3021647,63.1356343080446
"2004","COLORADO","CO","JOHN KERRY","DEMOCRAT",166135,238672,69.6080813836562
"2004","CONNECTICUT","CT","JOHN KERRY","DEMOCRAT",229902,391808,58.6772092453447
"2004","DISTRICT OF COLUMBIA","DC","JOHN KERRY","DEMOCRAT",202970,227586,89.1838689550324
"2004","DELAWARE","DE","JOHN KERRY","DEMOCRAT",146171,241444,60.5403323337917
"2004","FLORIDA","FL","JOHN KERRY","DEMOCRAT",453873,706872,64.208654466438
"2004","GEORGIA","GA","JOHN KERRY","DEMOCRAT",200787,276139,72.7122934464165
"2004","HAWAII","HI","JOHN KERRY","DEMOCRAT",152500,298547,51.0807343567344
"2004","IOWA","IA","JOHN KERRY","DEMOCRAT",105218,202618,51.9292461676653
"2004","IDAHO","ID","GEORGE W. BUSH","REPUBLICAN",94641,155002,61.0579218332667
"2004","ILLINOIS","IL","JOHN KERRY","DEMOCRAT",1439724,2049434,70.2498348324464
"2004","INDIANA","IN","JOHN KERRY","DEMOCRAT",162249,320838,50.5703813139341
"2004","KANSAS","KS","GEORGE W. BUSH","REPUBLICAN",158103,258687,61.1174894756984
"2004","KENTUCKY","KY","JOHN KERRY","DEMOCRAT",170158,337350,50.4396027864236
"2004","LOUISIANA","LA","JOHN KERRY","DEMOCRAT",152610,197103,77.4265231883837
"2004","MASSACHUSETTS","MA","JOHN KERRY","DEMOCRAT",440862,688960,63.9894914073386
"2004","MARYLAND","MD","JOHN KERRY","DEMOCRAT",273936,415225,65.9729062556445
"2004","MAINE","ME","JOHN KERRY","DEMOCRAT",76911,135485,56.7671697973945
"2004","MICHIGAN","MI","JOHN KERRY","DEMOCRAT",600047,864728,69.3914155665134
"2004","MINNESOTA","MN","JOHN KERRY","DEMOCRAT",383842,646984,59.3278968258875
"2004","MISSOURI","MO","JOHN KERRY","DEMOCRAT",295284,542983,54.381813058604
"2004","MISSISSIPPI","MS","JOHN KERRY","DEMOCRAT",51370,86265,59.5490639309106
"2004","MONTANA","MT","GEORGE W. BUSH","REPUBLICAN",40903,66286,61.7068460911806
"2004","NORTH CAROLINA","NC","GEORGE W. BUSH","REPUBLICAN",177324,348844,50.8318904725321
"2004","NORTH DAKOTA","ND","GEORGE W. BUSH","REPUBLICAN",39619,66711,59.3890063108033
"2004","NEBRASKA","NE","GEORGE W. BUSH","REPUBLICAN",120813,207071,58.3437564893201
"2004","NEW HAMPSHIRE","NH","GEORGE W. BUSH","REPUBLICAN",99724,195427,51.0287728921797
"2004","NEW JERSEY","NJ","JOHN KERRY","DEMOCRAT",207666,400244,51.8848502413528
"2004","NEW MEXICO","NM","JOHN KERRY","DEMOCRAT",132252,256811,51.4977940976049
"2004","NEVADA","NV","JOHN KERRY","DEMOCRAT",281767,545397,51.6627337517441
"2004","NEW YORK","NY","JOHN KERRY","DEMOCRAT",509841,641747,79.4457940590295
"2004","OHIO","OH","JOHN KERRY","DEMOCRAT",448486,673766,66.5640593321717
"2004","OKLAHOMA","OK","GEORGE W. BUSH","REPUBLICAN",174741,272039,64.2338047118244
"2004","OREGON","OR","JOHN KERRY","DEMOCRAT",259585,362694,71.5713521591204
"2004","PENNSYLVANIA","PA","JOHN KERRY","DEMOCRAT",542205,674069,80.4376109864124
"2004","RHODE ISLAND","RI","JOHN KERRY","DEMOCRAT",144811,230947,62.7031310214032
"2004","SOUTH CAROLINA","SC","GEORGE W. BUSH","REPUBLICAN",111481,168833,66.030337670953
"2004","SOUTH DAKOTA","SD","GEORGE W. BUSH","REPUBLICAN",44189,77632,56.921115004122
"2004","TENNESSEE","TN","JOHN KERRY","DEMOCRAT",215810,375584,57.4598491948539
"2004","TEXAS","TX","GEORGE W. BUSH","REPUBLICAN",584723,1067968,54.7509850482411
"2004","UTAH","UT","GEORGE W. BUSH","REPUBLICAN",215728,362138,59.5706609082725
"2004","VIRGINIA","VA","JOHN KERRY","DEMOCRAT",245671,461379,53.2471135443962
"2004","VERMONT","VT","JOHN KERRY","DEMOCRAT",49369,77696,63.5412376441516
"2004","WASHINGTON","WA","JOHN KERRY","DEMOCRAT",580378,893534,64.9530963567139
"2004","WISCONSIN","WI","JOHN KERRY","DEMOCRAT",297653,482236,61.7235129687539
"2004","WEST VIRGINIA","WV","GEORGE W. BUSH","REPUBLICAN",44430,87928,50.5299790737876
"2004","WYOMING","WY","GEORGE W. BUSH","REPUBLICAN",25951,39879,65.0743499084731
"2008","ALASKA","AK","JOHN MCCAIN","REPUBLICAN",8432,11526,73.1563421828909
"2008","ALABAMA","AL","BARACK OBAMA","DEMOCRAT",166121,318524,52.1533699187502
"2008","ARKANSAS","AR","BARACK OBAMA","DEMOCRAT",88854,161343,55.0714936501738
"2008","ARIZONA","AZ","JOHN MCCAIN","REPUBLICAN",746448,1364962,54.6863575689287
"2008","CALIFORNIA","CA","BARACK OBAMA","DEMOCRAT",2295853,3318248,69.1887104279126
"2008","COLORADO","CO","BARACK OBAMA","DEMOCRAT",204882,271533,75.4538122438157
"2008","CONNECTICUT","CT","BARACK OBAMA","DEMOCRAT",268301,411785,65.1556030452785
"2008","DISTRICT OF COLUMBIA","DC","BARACK OBAMA","DEMOCRAT",245800,265853,92.4571097561434
"2008","DELAWARE","DE","BARACK OBAMA","DEMOCRAT",178768,256417,69.717686424847
"2008","FLORIDA","FL","BARACK OBAMA","DEMOCRAT",499831,863486,57.8852465471357
"2008","GEORGIA","GA","BARACK OBAMA","DEMOCRAT",272000,405628,67.0565148362539
"2008","HAWAII","HI","BARACK OBAMA","DEMOCRAT",214239,306813,69.8272237486677
"2008","IOWA","IA","BARACK OBAMA","DEMOCRAT",120984,214386,56.4327894545353
"2008","IDAHO","ID","JOHN MCCAIN","REPUBLICAN",93328,179402,52.0217165917883
"2008","ILLINOIS","IL","BARACK OBAMA","DEMOCRAT",1629024,2137466,76.2128613975614
"2008","INDIANA","IN","BARACK OBAMA","DEMOCRAT",241987,379362,63.7878859769824
"2008","KANSAS","KS","JOHN MCCAIN","REPUBLICAN",152627,283432,53.84960060967
"2008","KENTUCKY","KY","BARACK OBAMA","DEMOCRAT",196435,353892,55.5070473477784
"2008","LOUISIANA","LA","BARACK OBAMA","DEMOCRAT",116042,146287,79.324888746095
"2008","MASSACHUSETTS","MA","BARACK OBAMA","DEMOCRAT",464484,726031,63.9757806484847
"2008","MARYLAND","MD","BARACK OBAMA","DEMOCRAT",332396,374026,88.8697577173779
"2008","MAINE","ME","BARACK OBAMA","DEMOCRAT",105218,164151,64.0982997362185
"2008","MICHIGAN","MI","BARACK OBAMA","DEMOCRAT",660085,890326,74.1396971446414
"2008","MINNESOTA","MN","BARACK OBAMA","DEMOCRAT",420958,663780,63.4183012443882
"2008","MISSOURI","MO","BARACK OBAMA","DEMOCRAT",333123,559854,59.5017629596288
"2008","MISSISSIPPI","MS","BARACK OBAMA","DEMOCRAT",75401,108662,69.390403268852
"2008","MONTANA","MT","BARACK OBAMA","DEMOCRAT",36531,59104,61.8079994585815
"2008","NORTH CAROLINA","NC","BARACK OBAMA","DEMOCRAT",253958,410817,61.8177923503653
"2008","NORTH DAKOTA","ND","BARACK OBAMA","DEMOCRAT",37622,71419,52.6778588330836
"2008","NEBRASKA","NE","BARACK OBAMA","DEMOCRAT",116810,226701,51.5260188530267
"2008","NEW HAMPSHIRE","NH","BARACK OBAMA","DEMOCRAT",104820,204709,51.2043925767797
"2008","NEW JERSEY","NJ","BARACK OBAMA","DEMOCRAT",240306,315004,76.2866503282498
"2008","NEW MEXICO","NM","BARACK OBAMA","DEMOCRAT",171556,285778,60.0312130394922
"2008","NEVADA","NV","BARACK OBAMA","DEMOCRAT",380765,651172,58.4737980134281
"2008","NEW YORK","NY","BARACK OBAMA","DEMOCRAT",603525,759671,79.4455757821478
"2008","OHIO","OH","BARACK OBAMA","DEMOCRAT",458204,665114,68.891047249043
"2008","OKLAHOMA","OK","JOHN MCCAIN","REPUBLICAN",163172,279354,58.4104755972709
"2008","OREGON","OR","BARACK OBAMA","DEMOCRAT",279696,364710,76.6899728551452
"2008","PENNSYLVANIA","PA","BARACK OBAMA","DEMOCRAT",595980,717155,83.1033737476557
"2008","RHODE ISLAND","RI","BARACK OBAMA","DEMOCRAT",167442,253630,66.0182155107834
"2008","SOUTH CAROLINA","SC","JOHN MCCAIN","REPUBLICAN",116363,190657,61.0326397667015
"2008","SOUTH DAKOTA","SD","BARACK OBAMA","DEMOCRAT",39838,79798,49.923556981378
"2008","TENNESSEE","TN","BARACK OBAMA","DEMOCRAT",256297,404555,63.3528197649269
"2008","TEXAS","TX","BARACK OBAMA","DEMOCRAT",590982,1171472,50.4478126664572
"2008","UTAH","UT","BARACK OBAMA","DEMOCRAT",176988,363749,48.6566286092883
"2008","VIRGINIA","VA","BARACK OBAMA","DEMOCRAT",310359,516254,60.1175003002398
"2008","VERMONT","VT","BARACK OBAMA","DEMOCRAT",59611,83440,71.4417545541707
"2008","WASHINGTON","WA","BARACK OBAMA","DEMOCRAT",648230,922032,70.3045013622087
"2008","WISCONSIN","WI","BARACK OBAMA","DEMOCRAT",319819,475192,67.3031111634876
"2008","WEST VIRGINIA","WV","JOHN MCCAIN","REPUBLICAN",40952,82484,49.6484166626255
"2008","WYOMING","WY","JOHN MCCAIN","REPUBLICAN",24549,41806,58.7212361861934
"2012","ALASKA","AK","MITT ROMNEY","REPUBLICAN",6968,10491,66.4188351920694
"2012","ALABAMA","AL","BARACK OBAMA","DEMOCRAT",159876,303918,52.6049789745918
"2012","ARKANSAS","AR","BARACK OBAMA","DEMOCRAT",87248,159381,54.7417822701577
"2012","ARIZONA","AZ","MITT ROMNEY","REPUBLICAN",749885,1376558,54.4753653678232
"2012","CALIFORNIA","CA","BARACK OBAMA","DEMOCRAT",2216903,3181067,69.6905472283356
"2012","COLORADO","CO","BARACK OBAMA","DEMOCRAT",222018,301694,73.5904592070111
"2012","CONNECTICUT","CT","BARACK OBAMA","DEMOCRAT",244639,392240,62.3697226188048
"2012","DISTRICT OF COLUMBIA","DC","BARACK OBAMA","DEMOCRAT",267070,293764,90.9131139281872
"2012","DELAWARE","DE","BARACK OBAMA","DEMOCRAT",167082,252012,66.2992238464835
"2012","FLORIDA","FL","BARACK OBAMA","DEMOCRAT",541440,878314,61.6453796705962
"2012","GEORGIA","GA","BARACK OBAMA","DEMOCRAT",255470,397413,64.2832519318694
"2012","HAWAII","HI","BARACK OBAMA","DEMOCRAT",204349,296742,68.8641985293622
"2012","IOWA","IA","BARACK OBAMA","DEMOCRAT",128465,228882,56.1271747013745
"2012","IDAHO","ID","MITT ROMNEY","REPUBLICAN",97554,180546,54.0327672726064
"2012","ILLINOIS","IL","BARACK OBAMA","DEMOCRAT",1488537,2011597,73.9977739079945
"2012","INDIANA","IN","BARACK OBAMA","DEMOCRAT",216336,359009,60.2592135573203
"2012","KANSAS","KS","MITT ROMNEY","REPUBLICAN",158401,274365,57.7336759426312
"2012","KENTUCKY","KY","BARACK OBAMA","DEMOCRAT",186181,339579,54.8270063814311
"2012","LOUISIANA","LA","BARACK OBAMA","DEMOCRAT",126722,157813,80.2988346967614
"2012","MASSACHUSETTS","MA","BARACK OBAMA","DEMOCRAT",471804,754170,62.5593699033374
"2012","MARYLAND","MD","BARACK OBAMA","DEMOCRAT",347938,387744,89.7339481719898
"2012","MAINE","ME","BARACK OBAMA","DEMOCRAT",101950,163786,62.2458573992893
"2012","MICHIGAN","MI","BARACK OBAMA","DEMOCRAT",595846,815825,73.0360064964913
"2012","MINNESOTA","MN","BARACK OBAMA","DEMOCRAT",423982,680065,62.3443347327094
"2012","MISSOURI","MO","BARACK OBAMA","DEMOCRAT",297097,528676,56.1964227617671
"2012","MISSISSIPPI","MS","BARACK OBAMA","DEMOCRAT",76112,106491,71.4727066137044
"2012","MONTANA","MT","MITT ROMNEY","REPUBLICAN",40500,68807,58.8602903774325
"2012","CONNECTICUT","NA","BARACK OBAMA","DEMOCRAT",39366,74045,53.1649672496455
"2012","NORTH CAROLINA","NC","BARACK OBAMA","DEMOCRAT",272262,448900,60.6509244820673
"2012","NORTH DAKOTA","ND","MITT ROMNEY","REPUBLICAN",36855,73855,49.9018346760544
"2012","NEBRASKA","NE","MITT ROMNEY","REPUBLICAN",113220,223927,50.561120365119
"2012","NEW HAMPSHIRE","NH","BARACK OBAMA","DEMOCRAT",102303,205672,49.7408495079544
"2012","NEW JERSEY","NJ","BARACK OBAMA","DEMOCRAT",236618,303019,78.0868526396034
"2012","NEW MEXICO","NM","BARACK OBAMA","DEMOCRAT",150739,270969,55.6296107672833
"2012","NEVADA","NV","BARACK OBAMA","DEMOCRAT",389936,691190,56.4151680435191
"2012","NEW YORK","NY","BARACK OBAMA","DEMOCRAT",580225,730534,79.4247769439889
"2012","OHIO","OH","BARACK OBAMA","DEMOCRAT",447232,644281,69.415674216685
"2012","OKLAHOMA","OK","MITT ROMNEY","REPUBLICAN",149728,256710,58.3257372131978
"2012","OREGON","OR","BARACK OBAMA","DEMOCRAT",274887,364722,75.3689111158636
"2012","PENNSYLVANIA","PA","BARACK OBAMA","DEMOCRAT",588806,690327,85.2937810631773
"2012","RHODE ISLAND","RI","BARACK OBAMA","DEMOCRAT",159520,239789,66.5251533639992
"2012","SOUTH CAROLINA","SC","MITT ROMNEY","REPUBLICAN",121685,193189,62.987540698487
"2012","SOUTH DAKOTA","SD","MITT ROMNEY","REPUBLICAN",40342,76583,52.677487170782
"2012","TENNESSEE","TN","BARACK OBAMA","DEMOCRAT",232443,371109,62.6346976225314
"2012","TEXAS","TX","BARACK OBAMA","DEMOCRAT",587044,1188585,49.3901572037338
"2012","UTAH","UT","MITT ROMNEY","REPUBLICAN",223811,381799,58.6201116294176
"2012","VIRGINIA","VA","BARACK OBAMA","DEMOCRAT",315273,529287,59.5656042940786
"2012","VERMONT","VT","BARACK OBAMA","DEMOCRAT",53626,77080,69.5718733783082
"2012","WASHINGTON","WA","BARACK OBAMA","DEMOCRAT",668004,967154,69.0690417451616
"2012","WISCONSIN","WI","BARACK OBAMA","DEMOCRAT",332438,492576,67.4896868706555
"2012","WEST VIRGINIA","WV","MITT ROMNEY","REPUBLICAN",41364,75077,55.0954353530375
"2012","WYOMING","WY","MITT ROMNEY","REPUBLICAN",23904,39505,60.5087963548918
"2016","ALASKA","AK","DONALD TRUMP","REPUBLICAN",6629,9543,69.4645289741172
"2016","ALABAMA","AL","HILLARY CLINTON","DEMOCRAT",156873,304191,51.5705592867639
"2016","ARKANSAS","AR","HILLARY CLINTON","DEMOCRAT",89574,159776,56.0622371319848
"2016","ARIZONA","AZ","DONALD TRUMP","REPUBLICAN",747361,1567834,47.668375606091
"2016","CALIFORNIA","CA","HILLARY CLINTON","DEMOCRAT",2464364,3434308,71.7572215421564
"2016","COLORADO","CO","HILLARY CLINTON","DEMOCRAT",244551,331852,73.692790762147
"2016","CONNECTICUT","CT","HILLARY CLINTON","DEMOCRAT",243852,421209,57.8933498571968
"2016","DISTRICT OF COLUMBIA","DC","HILLARY CLINTON","DEMOCRAT",282830,311268,90.8638215299999
"2016","DELAWARE","DE","HILLARY CLINTON","DEMOCRAT",162919,262391,62.0901631534618
"2016","FLORIDA","FL","HILLARY CLINTON","DEMOCRAT",624146,980204,63.6751125275963
"2016","GEORGIA","GA","HILLARY CLINTON","DEMOCRAT",297051,431391,68.8588774452875
"2016","HAWAII","HI","HILLARY CLINTON","DEMOCRAT",175696,285790,61.477308513244
"2016","IOWA","IA","HILLARY CLINTON","DEMOCRAT",119804,231555,51.7388957267172
"2016","IDAHO","ID","DONALD TRUMP","REPUBLICAN",93752,195669,47.9135683220132
"2016","ILLINOIS","IL","HILLARY CLINTON","DEMOCRAT",1611946,2158615,74.6750115235927
"2016","INDIANA","IN","HILLARY CLINTON","DEMOCRAT",212899,362372,58.7515039793361
"2016","KANSAS","KS","DONALD TRUMP","REPUBLICAN",137490,290090,47.395635837154
"2016","KENTUCKY","KY","HILLARY CLINTON","DEMOCRAT",190836,353099,54.0460324158381
"2016","LOUISIANA","LA","HILLARY CLINTON","DEMOCRAT",133996,165812,80.8120039562879
"2016","MASSACHUSETTS","MA","HILLARY CLINTON","DEMOCRAT",520360,784034,66.3695707073928
"2016","MARYLAND","MD","HILLARY CLINTON","DEMOCRAT",357837,478873,74.724822656529
"2016","MAINE","ME","HILLARY CLINTON","DEMOCRAT",102981,171818,59.9360951704711
"2016","MICHIGAN","MI","HILLARY CLINTON","DEMOCRAT",519444,777838,66.7804864251939
"2016","MINNESOTA","MN","HILLARY CLINTON","DEMOCRAT",429288,679977,63.1327236068279
"2016","MISSOURI","MO","HILLARY CLINTON","DEMOCRAT",286704,514858,55.6860338190336
"2016","MISSISSIPPI","MS","HILLARY CLINTON","DEMOCRAT",67594,94681,71.3913034294103
"2016","MONTANA","MT","DONALD TRUMP","REPUBLICAN",40920,69108,59.2116686924813
"2016","MAINE","NA","HILLARY CLINTON","DEMOCRAT",3017,5056,59.6716772151899
"2016","NORTH CAROLINA","NC","HILLARY CLINTON","DEMOCRAT",302736,527624,57.3772231740785
"2016","NORTH DAKOTA","ND","DONALD TRUMP","REPUBLICAN",39816,80821,49.2644238502369
"2016","NEBRASKA","NE","HILLARY CLINTON","DEMOCRAT",113798,240433,47.3304413287693
"2016","NEW HAMPSHIRE","NH","DONALD TRUMP","REPUBLICAN",100013,214157,46.7007849381529
"2016","NEW JERSEY","NJ","HILLARY CLINTON","DEMOCRAT",240837,310934,77.4559874442808
"2016","NEW MEXICO","NM","HILLARY CLINTON","DEMOCRAT",143417,274662,52.2158143463603
"2016","NEVADA","NV","HILLARY CLINTON","DEMOCRAT",402227,767156,52.4309266954831
"2016","NEW YORK","NY","HILLARY CLINTON","DEMOCRAT",640553,805605,79.512043743522
"2016","OHIO","OH","HILLARY CLINTON","DEMOCRAT",398271,603822,65.958345340183
"2016","OKLAHOMA","OK","DONALD TRUMP","REPUBLICAN",144258,247054,58.3912828774276
"2016","OREGON","OR","HILLARY CLINTON","DEMOCRAT",292561,399103,73.3046356454349
"2016","PENNSYLVANIA","PA","HILLARY CLINTON","DEMOCRAT",584025,707631,82.5324215586937
"2016","RHODE ISLAND","RI","HILLARY CLINTON","DEMOCRAT",142899,248474,57.5106449769392
"2016","SOUTH CAROLINA","SC","DONALD TRUMP","REPUBLICAN",127832,215165,59.4111495828783
"2016","SOUTH DAKOTA","SD","DONALD TRUMP","REPUBLICAN",42043,78263,53.7201487292846
"2016","TENNESSEE","TN","HILLARY CLINTON","DEMOCRAT",208992,337383,61.9450298325642
"2016","TEXAS","TX","HILLARY CLINTON","DEMOCRAT",707914,1312112,53.9522540758716
"2016","UTAH","UT","HILLARY CLINTON","DEMOCRAT",175863,418868,41.9853032458913
"2016","VIRGINIA","VA","HILLARY CLINTON","DEMOCRAT",355133,551183,64.4310510302386
"2016","VERMONT","VT","HILLARY CLINTON","DEMOCRAT",54814,83418,65.7100386007816
"2016","WASHINGTON","WA","HILLARY CLINTON","DEMOCRAT",718322,998499,71.9401822135025
"2016","WISCONSIN","WI","HILLARY CLINTON","DEMOCRAT",288797,440247,65.598857005272
"2016","WEST VIRGINIA","WV","DONALD TRUMP","REPUBLICAN",43850,75690,57.933676839741
"2016","WYOMING","WY","DONALD TRUMP","REPUBLICAN",24847,40969,60.6482950523567
"2020","ALASKA","AK","DONALD J TRUMP","REPUBLICAN",8081,11205,72.1195894689871
"2020","ALABAMA","AL","JOSEPH R BIDEN JR","DEMOCRAT",181688,325848,55.7585131717856
"2020","ARKANSAS","AR","JOSEPH R BIDEN JR","DEMOCRAT",67553,169956,39.7473463720022
"2020","ARIZONA","AZ","JOSEPH R BIDEN JR","DEMOCRAT",978457,2068144,47.3108739043316
"2020","CALIFORNIA","CA","JOSEPH R BIDEN JR","DEMOCRAT",3028885,4264365,71.0278083606821
"2020","COLORADO","CO","JOSEPH R BIDEN JR","DEMOCRAT",313293,393829,79.5505155790965
"2020","CONNECTICUT","CT","JOSEPH R BIDEN JR","DEMOCRAT",297505,472396,62.9778829625992
"2020","DISTRICT OF COLUMBIA","DC","JOSEPH R BIDEN JR","DEMOCRAT",317323,344356,92.1496939214069
"2020","DELAWARE","DE","JOSEPH R BIDEN JR","DEMOCRAT",195034,287633,67.8065451460716
"2020","FLORIDA","FL","JOSEPH R BIDEN JR","DEMOCRAT",618752,957672,64.6100126139221
"2020","GEORGIA","GA","JOSEPH R BIDEN JR","DEMOCRAT",224688,524659,42.8255304874214
"2020","HAWAII","HI","JOSEPH R BIDEN JR","DEMOCRAT",238866,382102,62.5136743592025
"2020","IOWA","IA","JOSEPH R BIDEN JR","DEMOCRAT",100944,258755,39.0114200691774
"2020","IDAHO","ID","DONALD J TRUMP","REPUBLICAN",130699,259389,50.3872562059301
"2020","ILLINOIS","IL","JOSEPH R BIDEN JR","DEMOCRAT",1725973,2321486,74.3477669044741
"2020","INDIANA","IN","JOSEPH R BIDEN JR","DEMOCRAT",247772,389619,63.5934079190183
"2020","KANSAS","KS","JOSEPH R BIDEN JR","DEMOCRAT",184259,347214,53.067848646656
"2020","KENTUCKY","KY","JOSEPH R BIDEN JR","DEMOCRAT",228288,386093,59.1277231133432
"2020","LOUISIANA","LA","JOSEPH R BIDEN JR","DEMOCRAT",147854,177819,83.148594919553
"2020","MASSACHUSETTS","MA","JOSEPH R BIDEN JR","DEMOCRAT",617196,869347,70.9953562846596
"2020","MARYLAND","MD","JOSEPH R BIDEN JR","DEMOCRAT",168777,424855,39.7257887985313
"2020","MAINE","ME","JOSEPH R BIDEN JR","DEMOCRAT",128759,195914,65.7222046408118
"2020","MICHIGAN","MI","JOSEPH R BIDEN JR","DEMOCRAT",597170,872469,68.4459849003231
"2020","MINNESOTA","MN","JOSEPH R BIDEN JR","DEMOCRAT",532623,755969,70.4556668328992
"2020","MISSOURI","MO","JOSEPH R BIDEN JR","DEMOCRAT",328151,536446,61.1713014916692
"2020","MISSISSIPPI","MS","JOSEPH R BIDEN JR","DEMOCRAT",73550,99995,73.5536776838842
"2020","MONTANA","MT","DONALD J TRUMP","REPUBLICAN",50772,83821,60.5719330478043
"2020","NORTH CAROLINA","NC","JOSEPH R BIDEN JR","DEMOCRAT",239644,567053,42.2613053806258
"2020","NORTH DAKOTA","ND","DONALD J TRUMP","REPUBLICAN",42619,86053,49.5264546267998
"2020","NEBRASKA","NE","JOSEPH R BIDEN JR","DEMOCRAT",150350,274951,54.6824706947783
"2020","NEW HAMPSHIRE","NH","JOSEPH R BIDEN JR","DEMOCRAT",122344,230941,52.9763013063943
"2020","NEW JERSEY","NJ","JOSEPH R BIDEN JR","DEMOCRAT",285967,495849,57.6721945592307
"2020","NEW MEXICO","NM","JOSEPH R BIDEN JR","DEMOCRAT",193757,317590,61.0085330142637
"2020","NEVADA","NV","JOSEPH R BIDEN JR","DEMOCRAT",521777,972308,53.6637567519757
"2020","NEW YORK","NY","JOSEPH R BIDEN JR","DEMOCRAT",703310,920380,76.4151763402073
"2020","OHIO","OH","JOSEPH R BIDEN JR","DEMOCRAT",416176,625670,66.5168539325843
"2020","OKLAHOMA","OK","DONALD J TRUMP","REPUBLICAN",123815,266678,46.4286517822993
"2020","OREGON","OR","JOSEPH R BIDEN JR","DEMOCRAT",367249,463659,79.2067014767318
"2020","PENNSYLVANIA","PA","JOSEPH R BIDEN JR","DEMOCRAT",603790,741377,81.4416956555167
"2020","RHODE ISLAND","RI","JOSEPH R BIDEN JR","DEMOCRAT",165012,272667,60.5177744281486
"2020","SOUTH CAROLINA","SC","DONALD J TRUMP","REPUBLICAN",110201,258155,42.6879200480332
"2020","SOUTH DAKOTA","SD","DONALD J TRUMP","REPUBLICAN",49249,92326,53.3425037367589
"2020","TENNESSEE","TN","JOSEPH R BIDEN JR","DEMOCRAT",246105,382055,64.4161180981796
"2020","TEXAS","TX","JOSEPH R BIDEN JR","DEMOCRAT",918193,1640818,55.959466558753
"2020","UTAH","UT","JOSEPH R BIDEN JR","DEMOCRAT",271576,546581,49.6863227957064
"2020","VIRGINIA","VA","JOSEPH R BIDEN JR","DEMOCRAT",321219,601243,53.4258195105806
"2020","VERMONT","VT","JOSEPH R BIDEN JR","DEMOCRAT",72938,96755,75.3842178698775
"2020","WASHINGTON","WA","JOSEPH R BIDEN JR","DEMOCRAT",907310,1210507,74.9528916396188
"2020","WISCONSIN","WI","JOSEPH R BIDEN JR","DEMOCRAT",317270,458971,69.1263718186988
"2020","WEST VIRGINIA","WV","DONALD J TRUMP","REPUBLICAN",46398,82244,56.4150576333836
"2020","WYOMING","WY","DONALD J TRUMP","REPUBLICAN",27891,45237,61.655282180516
